[
    {
        "pk": 1,
        "model": "cloud.cloudprovidertype",
        "fields": {
            "type_name": "ec2"
        }
    },
    {
        "pk": 1,
        "model": "cloud.cloudregion",
        "fields": {
            "slug": "ap-northeast-1",
            "provider_type": 1,
            "description": "",
            "title": "ap-northeast-1"
        }
    },
    {
        "pk": 2,
        "model": "cloud.cloudregion",
        "fields": {
            "slug": "ap-southeast-1",
            "provider_type": 1,
            "description": "",
            "title": "ap-southeast-1"
        }
    },
    {
        "pk": 3,
        "model": "cloud.cloudregion",
        "fields": {
            "slug": "ap-southeast-2",
            "provider_type": 1,
            "description": "",
            "title": "ap-southeast-2"
        }
    },
    {
        "pk": 4,
        "model": "cloud.cloudregion",
        "fields": {
            "slug": "eu-west-1",
            "provider_type": 1,
            "description": "",
            "title": "eu-west-1"
        }
    },
    {
        "pk": 5,
        "model": "cloud.cloudregion",
        "fields": {
            "slug": "sa-east-1",
            "provider_type": 1,
            "description": "",
            "title": "sa-east-1"
        }
    },
    {
        "pk": 6,
        "model": "cloud.cloudregion",
        "fields": {
            "slug": "us-east-1",
            "provider_type": 1,
            "description": "",
            "title": "us-east-1"
        }
    },
    {
        "pk": 7,
        "model": "cloud.cloudregion",
        "fields": {
            "slug": "us-west-1",
            "provider_type": 1,
            "description": "",
            "title": "us-west-1"
        }
    },
    {
        "pk": 8,
        "model": "cloud.cloudregion",
        "fields": {
            "slug": "us-west-2",
            "provider_type": 1,
            "description": "",
            "title": "us-west-2"
        }
    },
    {
        "pk": 1, 
        "model": "cloud.cloudzone", 
        "fields": {
            "slug": "ap-northeast-1a", 
            "region": 1,
            "description": "", 
            "title": "ap-northeast-1a"
        }
    },
    {
        "pk": 2, 
        "model": "cloud.cloudzone", 
        "fields": {
            "slug": "ap-northeast-1b", 
            "region": 1,
            "description": "", 
            "title": "ap-northeast-1b"
        }
    },
    {
        "pk": 3, 
        "model": "cloud.cloudzone", 
        "fields": {
            "slug": "ap-northeast-1c", 
            "region": 1,
            "description": "", 
            "title": "ap-northeast-1c"
        }
    },
    {
        "pk": 4, 
        "model": "cloud.cloudzone", 
        "fields": {
            "slug": "ap-southeast-1a", 
            "region": 2,
            "description": "", 
            "title": "ap-southeast-1a"
        }
    },
    {
        "pk": 5, 
        "model": "cloud.cloudzone", 
        "fields": {
            "slug": "ap-southeast-1b", 
            "region": 2,
            "description": "", 
            "title": "ap-southeast-1b"
        }
    },
    {
        "pk": 6, 
        "model": "cloud.cloudzone", 
        "fields": {
            "slug": "ap-southeast-2a", 
            "region": 3,
            "description": "", 
            "title": "ap-southeast-2a"
        }
    },
    {
        "pk": 7, 
        "model": "cloud.cloudzone", 
        "fields": {
            "slug": "ap-southeast-2b", 
            "region": 3,
            "description": "", 
            "title": "ap-southeast-2b"
        }
    },
    {
        "pk": 8, 
        "model": "cloud.cloudzone", 
        "fields": {
            "slug": "eu-west-1a", 
            "region": 4,
            "description": "", 
            "title": "eu-west-1a"
        }
    },
    {
        "pk": 9, 
        "model": "cloud.cloudzone", 
        "fields": {
            "slug": "eu-west-1b", 
            "region": 4,
            "description": "", 
            "title": "eu-west-1b"
        }
    },
    {
        "pk": 10, 
        "model": "cloud.cloudzone", 
        "fields": {
            "slug": "eu-west-1c", 
            "region": 4,
            "description": "", 
            "title": "eu-west-1c"
        }
    },
    {
        "pk": 11, 
        "model": "cloud.cloudzone", 
        "fields": {
            "slug": "sa-east-1a", 
            "region": 5,
            "description": "", 
            "title": "sa-east-1a"
        }
    },
    {
        "pk": 12, 
        "model": "cloud.cloudzone", 
        "fields": {
            "slug": "sa-east-1b", 
            "region": 5,
            "description": "", 
            "title": "sa-east-1b"
        }
    },
    {
        "pk": 13, 
        "model": "cloud.cloudzone", 
        "fields": {
            "slug": "us-east-1a", 
            "region": 6,
            "description": "", 
            "title": "us-east-1a"
        }
    },
    {
        "pk": 14, 
        "model": "cloud.cloudzone", 
        "fields": {
            "slug": "us-east-1b", 
            "region": 6,
            "description": "", 
            "title": "us-east-1b"
        }
    },
    {
        "pk": 15, 
        "model": "cloud.cloudzone", 
        "fields": {
            "slug": "us-east-1c", 
            "region": 6,
            "description": "", 
            "title": "us-east-1c"
        }
    },
    {
        "pk": 16, 
        "model": "cloud.cloudzone", 
        "fields": {
            "slug": "us-east-1d", 
            "region": 6,
            "description": "", 
            "title": "us-east-1d"
        }
    },
    {
        "pk": 17, 
        "model": "cloud.cloudzone", 
        "fields": {
            "slug": "us-east-1e", 
            "region": 6,
            "description": "", 
            "title": "us-east-1e"
        }
    },
    {
        "pk": 18, 
        "model": "cloud.cloudzone", 
        "fields": {
            "slug": "us-west-1a", 
            "region": 7,
            "description": "", 
            "title": "us-west-1a"
        }
    },
    {
        "pk": 19, 
        "model": "cloud.cloudzone", 
        "fields": {
            "slug": "us-west-1b", 
            "region": 7,
            "description": "", 
            "title": "us-west-1b"
        }
    },
    {
        "pk": 20, 
        "model": "cloud.cloudzone", 
        "fields": {
            "slug": "us-west-1c", 
            "region": 7,
            "description": "", 
            "title": "us-west-1c"
        }
    },
    {
        "pk": 21, 
        "model": "cloud.cloudzone", 
        "fields": {
            "slug": "us-west-2a", 
            "region": 8,
            "description": "", 
            "title": "us-west-2a"
        }
    },
    {
        "pk": 22, 
        "model": "cloud.cloudzone", 
        "fields": {
            "slug": "us-west-2b", 
            "region": 8,
            "description": "", 
            "title": "us-west-2b"
        }
    },
    {
        "pk": 23, 
        "model": "cloud.cloudzone", 
        "fields": {
            "slug": "us-west-2c", 
            "region": 8,
            "description": "", 
            "title": "us-west-2c"
        }
    },
    {
        "pk": 1,
        "model": "cloud.cloudinstancesize",
        "fields": {
            "instance_id": "m1.large",
            "slug": "m1.large",
            "title": "m1.large",
            "description": "Large Instance",
            "provider_type": 1
        }
    },
    {
        "pk": 2,
        "model": "cloud.cloudinstancesize",
        "fields": {
            "instance_id": "m3.2xlarge",
            "slug": "m3.2xlarge",
            "title": "m3.2xlarge",
            "description": "Double Extra Large Instance",
            "provider_type": 1
        }
    },
    {
        "pk": 3,
        "model": "cloud.cloudinstancesize",
        "fields": {
            "instance_id": "m2.4xlarge",
            "slug": "m2.4xlarge",
            "title": "m2.4xlarge",
            "description": "High-Memory Quadruple Extra Large Instance",
            "provider_type": 1
        }
    },
    {
        "pk": 4,
        "model": "cloud.cloudinstancesize",
        "fields": {
            "instance_id": "m2.2xlarge",
            "slug": "m2.2xlarge",
            "title": "m2.2xlarge",
            "description": "High-Memory Double Extra Large Instance",
            "provider_type": 1
        }
    },
    {
        "pk": 5,
        "model": "cloud.cloudinstancesize",
        "fields": {
            "instance_id": "c1.medium",
            "slug": "c1.medium",
            "title": "c1.medium",
            "description": "High-CPU Medium Instance",
            "provider_type": 1
        }
    },
    {
        "pk": 6,
        "model": "cloud.cloudinstancesize",
        "fields": {
            "instance_id": "m2.xlarge",
            "slug": "m2.xlarge",
            "title": "m2.xlarge",
            "description": "High-Memory Extra Large Instance",
            "provider_type": 1
        }
    },
    {
        "pk": 7,
        "model": "cloud.cloudinstancesize",
        "fields": {
            "instance_id": "m1.medium",
            "slug": "m1.medium",
            "title": "m1.medium",
            "description": "Medium Instance",
            "provider_type": 1
        }
    },
    {
        "pk": 8,
        "model": "cloud.cloudinstancesize",
        "fields": {
            "instance_id": "cc1.4xlarge",
            "slug": "cc1.4xlarge",
            "title": "cc1.4xlarge",
            "description": "Cluster Compute Quadruple Extra Large Instance",
            "provider_type": 1
        }
    },
    {
        "pk": 9,
        "model": "cloud.cloudinstancesize",
        "fields": {
            "instance_id": "hs1.8xlarge",
            "slug": "hs1.8xlarge",
            "title": "hs1.8xlarge",
            "description": "High Storage Eight Extra Large Instance",
            "provider_type": 1
        }
    },
    {
        "pk": 10,
        "model": "cloud.cloudinstancesize",
        "fields": {
            "instance_id": "c1.xlarge",
            "slug": "c1.xlarge",
            "title": "c1.xlarge",
            "description": "High-CPU Extra Large Instance",
            "provider_type": 1
        }
    },
    {
        "pk": 11,
        "model": "cloud.cloudinstancesize",
        "fields": {
            "instance_id": "m1.small",
            "slug": "m1.small",
            "title": "m1.small",
            "description": "Small Instance",
            "provider_type": 1
        }
    },
    {
        "pk": 12,
        "model": "cloud.cloudinstancesize",
        "fields": {
            "instance_id": "cr1.8xlarge",
            "slug": "cr1.8xlarge",
            "title": "cr1.8xlarge",
            "description": "High Memory Cluster Eight Extra Large",
            "provider_type": 1
        }
    },
    {
        "pk": 13,
        "model": "cloud.cloudinstancesize",
        "fields": {
            "instance_id": "m1.xlarge",
            "slug": "m1.xlarge",
            "title": "m1.xlarge",
            "description": "Extra Large Instance",
            "provider_type": 1
        }
    },
    {
        "pk": 14,
        "model": "cloud.cloudinstancesize",
        "fields": {
            "instance_id": "t1.micro",
            "slug": "t1.micro",
            "title": "t1.micro",
            "description": "Micro Instance",
            "provider_type": 1
        }
    },
    {
        "pk": 15,
        "model": "cloud.cloudinstancesize",
        "fields": {
            "instance_id": "cc2.8xlarge",
            "slug": "cc2.8xlarge",
            "title": "cc2.8xlarge",
            "description": "Cluster Compute Eight Extra Large Instance",
            "provider_type": 1
        }
    },
    {
        "pk": 16,
        "model": "cloud.cloudinstancesize",
        "fields": {
            "instance_id": "cg1.4xlarge",
            "slug": "cg1.4xlarge",
            "title": "cg1.4xlarge",
            "description": "Cluster GPU Quadruple Extra Large Instance",
            "provider_type": 1
        }
    },
    {
        "pk": 17,
        "model": "cloud.cloudinstancesize",
        "fields": {
            "instance_id": "hi1.4xlarge",
            "slug": "hi1.4xlarge",
            "title": "hi1.4xlarge",
            "description": "Storage Optimized HI1 Quadruple Extra Large Instance",
            "provider_type": 1
        }
    },
    {
        "pk": 18,
        "model": "cloud.cloudinstancesize",
        "fields": {
            "instance_id": "t2.micro",
            "slug": "t2.micro",
            "title": "t2.micro",
            "description": "General Purpose T2 Micro Instance",
            "provider_type": 1
        }
    },
    {
        "pk": 19,
        "model": "cloud.cloudinstancesize",
        "fields": {
            "instance_id": "t2.small",
            "slug": "t2.small",
            "title": "t2.small",
            "description": "General Purpose T2 Small Instance",
            "provider_type": 1
        }
    },
    {
        "pk": 20,
        "model": "cloud.cloudinstancesize",
        "fields": {
            "instance_id": "t2.medium",
            "slug": "t2.medium",
            "title": "t2.medium",
            "description": "General Purpose T2 Medium Instance",
            "provider_type": 1
        }
    },
    {
        "pk": 21,
        "model": "cloud.cloudinstancesize",
        "fields": {
            "instance_id": "m3.medium",
            "slug": "m3.medium",
            "title": "m3.medium",
            "description": "General Purpose M3 Medium Instance",
            "provider_type": 1
        }
    },
    {
        "pk": 22,
        "model": "cloud.cloudinstancesize",
        "fields": {
            "instance_id": "m3.large",
            "slug": "m3.large",
            "title": "m3.large",
            "description": "General Purpose M3 Large Instance",
            "provider_type": 1
        }
    },
    {
        "pk": 23,
        "model": "cloud.cloudinstancesize",
        "fields": {
            "instance_id": "m3.xlarge",
            "slug": "m3.xlarge",
            "title": "m3.xlarge",
            "description": "General Purpose M3 Extra Large Instance",
            "provider_type": 1
        }
    },
    {
        "pk": 24,
        "model": "cloud.cloudinstancesize",
        "fields": {
            "instance_id": "c4.large",
            "slug": "c4.large",
            "title": "c4.large",
            "description": "Compute Optimized C4 Large Instance",
            "provider_type": 1
        }
    },
    {
        "pk": 25,
        "model": "cloud.cloudinstancesize",
        "fields": {
            "instance_id": "c4.xlarge",
            "slug": "c4.xlarge",
            "title": "c4.xlarge",
            "description": "Compute Optimized C4 Extra Large Instance",
            "provider_type": 1
        }
    },
    {
        "pk": 26,
        "model": "cloud.cloudinstancesize",
        "fields": {
            "instance_id": "c4.2xlarge",
            "slug": "c4.2xlarge",
            "title": "c4.2xlarge",
            "description": "Compute Optimized C4 Double Extra Large Instance",
            "provider_type": 1
        }
    },
    {
        "pk": 27,
        "model": "cloud.cloudinstancesize",
        "fields": {
            "instance_id": "c4.4xlarge",
            "slug": "c4.4xlarge",
            "title": "c4.4xlarge",
            "description": "Compute Optimized C4 Quadruple Extra Large Instance",
            "provider_type": 1
        }
    },
    {
        "pk": 28,
        "model": "cloud.cloudinstancesize",
        "fields": {
            "instance_id": "c4.8xlarge",
            "slug": "c4.8xlarge",
            "title": "c4.8xlarge",
            "description": "Compute Optimized C4 Eight Extra Large Instance",
            "provider_type": 1
        }
    },
    {
        "pk": 29,
        "model": "cloud.cloudinstancesize",
        "fields": {
            "instance_id": "c3.large",
            "slug": "c3.large",
            "title": "c3.large",
            "description": "Compute Optimized C3 Large Instance",
            "provider_type": 1
        }
    },
    {
        "pk": 30,
        "model": "cloud.cloudinstancesize",
        "fields": {
            "instance_id": "c3.xlarge",
            "slug": "c3.xlarge",
            "title": "c3.xlarge",
            "description": "Compute Optimized C3 Extra Large Instance",
            "provider_type": 1
        }
    },
    {
        "pk": 31,
        "model": "cloud.cloudinstancesize",
        "fields": {
            "instance_id": "c3.2xlarge",
            "slug": "c3.2xlarge",
            "title": "c3.2xlarge",
            "description": "Compute Optimized C3 Double Extra Large Instance",
            "provider_type": 1
        }
    },
    {
        "pk": 32,
        "model": "cloud.cloudinstancesize",
        "fields": {
            "instance_id": "c3.4xlarge",
            "slug": "c3.4xlarge",
            "title": "c3.4xlarge",
            "description": "Compute Optimized C3 Quadruple Extra Large Instance",
            "provider_type": 1
        }
    },
    {
        "pk": 33,
        "model": "cloud.cloudinstancesize",
        "fields": {
            "instance_id": "c3.8xlarge",
            "slug": "c3.8xlarge",
            "title": "c3.8xlarge",
            "description": "Compute Optimized C3 Eight Extra Large Instance",
            "provider_type": 1
        }
    },
    {
        "pk": 34,
        "model": "cloud.cloudinstancesize",
        "fields": {
            "instance_id": "r3.large",
            "slug": "r3.large",
            "title": "r3.large",
            "description": "Memory Optimized R3 Large Instance",
            "provider_type": 1
        }
    },
    {
        "pk": 35,
        "model": "cloud.cloudinstancesize",
        "fields": {
            "instance_id": "r3.xlarge",
            "slug": "r3.xlarge",
            "title": "r3.xlarge",
            "description": "Memory Optimized R3 Extra Large Instance",
            "provider_type": 1
        }
    },
    {
        "pk": 36,
        "model": "cloud.cloudinstancesize",
        "fields": {
            "instance_id": "r3.2xlarge",
            "slug": "r3.2xlarge",
            "title": "r3.2xlarge",
            "description": "Memory Optimized R3 Double Extra Large Instance",
            "provider_type": 1
        }
    },
    {
        "pk": 37,
        "model": "cloud.cloudinstancesize",
        "fields": {
            "instance_id": "r3.4xlarge",
            "slug": "r3.4xlarge",
            "title": "r3.4xlarge",
            "description": "Memory Optimized R3 Quadruple Extra Large Instance",
            "provider_type": 1
        }
    },
    {
        "pk": 38,
        "model": "cloud.cloudinstancesize",
        "fields": {
            "instance_id": "r3.8xlarge",
            "slug": "r3.8xlarge",
            "title": "r3.8xlarge",
            "description": "Memory Optimized R3 Eight Extra Large Instance",
            "provider_type": 1
        }
    },
    {
        "pk": 39,
        "model": "cloud.cloudinstancesize",
        "fields": {
            "instance_id": "g2.2xlarge",
            "slug": "g2.2xlarge",
            "title": "g2.2xlarge",
            "description": "GPU Optimized Double Extra Large Instance",
            "provider_type": 1
        }
    },
    {
        "pk": 40,
        "model": "cloud.cloudinstancesize",
        "fields": {
            "instance_id": "i2.xlarge",
            "slug": "i2.xlarge",
            "title": "i2.xlarge",
            "description": "Storage Optimized I2 Extra Large Instance",
            "provider_type": 1
        }
    },
    {
        "pk": 41,
        "model": "cloud.cloudinstancesize",
        "fields": {
            "instance_id": "i2.2xlarge",
            "slug": "i2.2xlarge",
            "title": "i2.2xlarge",
            "description": "Storage Optimized I2 Double Extra Large Instance",
            "provider_type": 1
        }
    },
    {
        "pk": 42,
        "model": "cloud.cloudinstancesize",
        "fields": {
            "instance_id": "i2.4xlarge",
            "slug": "i2.4xlarge",
            "title": "i2.4xlarge",
            "description": "Storage Optimized I2 Quadruple Extra Large Instance",
            "provider_type": 1
        }
    },
    {
        "pk": 43,
        "model": "cloud.cloudinstancesize",
        "fields": {
            "instance_id": "i2.8xlarge",
            "slug": "i2.8xlarge",
            "title": "i2.8xlarge",
            "description": "Storage Optimized I2 Eight Extra Large Instance",
            "provider_type": 1
        }
    }
]
